{"ootd": "#dailylook OR #outfit OR #selfie OR #bestofstreetwear OR #beststreetoutfit OR #ootd OR #outfitoftheday OR #\ub370\uc77c\ub9ac\ub8e9 OR #\uc624\uc624\ud2f0\ub514", "category": "#designer OR #streetwear OR #luxury OR #casual OR #sportswear OR #\ub514\uc790\uc774\ub108 OR #\uae38\uac70\ub9ac\ud328\uc158 OR #\ub7ed\uc154\ub9ac OR #\uce90\uc8fc\uc5bc OR #\uce90\uc96c\uc5bc OR #\uc2a4\ud3ec\uce20\uc6e8\uc5b4 OR #\uc2a4\ud3ec\uce20\ud328\uc158", "fashion": "#fashion OR #brand OR #fashionbrand OR #shoe OR #shoes OR #clothes OR #wear OR #apparel OR #\ud328\uc158 OR #\ube0c\ub79c\ub4dc OR #\ud328\uc158\ube0c\ub79c\ub4dc OR #\uc637 OR #\uc758\ub958 OR #\uc288\uc988 OR #\uc2e0\ubc1c", "8seconds": "#8seconds OR #\uc5d0\uc787\uc138\ucee8\uc988", "adidas": "#adidas OR #\uc544\ub514\ub2e4\uc2a4", "adidasoriginal": "#adidasoriginal OR #\uc544\ub514\ub2e4\uc2a4\uc624\ub9ac\uc9c0\ub110\uc2a4 OR #\uc544\ub514\ub2e4\uc2a4\uc624\ub9ac\uc9c0\ub110 OR #\uc544\ub514\ub2e4\uc2a4\uc624\ub9ac\uc9c0\ub0a0\uc2a4 OR #\uc544\ub514\ub2e4\uc2a4\uc624\ub9ac\uc9c0\ub0a0", "asics": "#asics OR #\uc544\uc2dd\uc2a4", "balensiaga": "#balensiaga OR #\ubc1c\ub80c\uc2dc\uc544\uac00", "bally": "#bally OR #\ubc1c\ub9ac", "beanpole": "#beanpole OR #\ube48\ud3f4", "benetton": "#benetton OR #\ubca0\ub124\ud1b5", "blackyak": "#blackyak OR #\ube14\ub799\uc57c\ud06c", "buckaroo": "#buckaroo OR #\ubc84\ucee4\ub8e8", "burberry": "#burberry OR #\ubc84\ubc84\ub9ac", "calvinklein": "#calvinklein OR #\ucf00\ube48\ud074\ub77c\uc778 OR #\ucf08\ube48\ud074\ub77c\uc778 OR #\uce98\ube48\ud074\ub77c\uc778", "canadagoose": "#canadagoose OR #\uce90\ub098\ub2e4\uad6c\uc2a4", "chanel": "#chanel OR #\uc0e4\ub12c", "coach": "#coach OR #\ucf54\uce58", "converse": "#converse OR #\ucee8\ubc84\uc2a4", "crocs": "#crocs OR #\ud06c\ub85d\uc2a4", "daks": "#daks OR #\ub2e5\uc2a4", "decent": "#decent OR #\ub370\uc0c1\ud2b8", "diesel": "#diesel OR #\ub514\uc824", "dior": "#dior OR #\ub514\uc62c", "dkny": "#dkny OR #\ub514\ucf00\uc774\uc5d4\uc640\uc774", "drmartens": "#drmartens OR #\ub2e5\ud130\ub9c8\ud2f4", "eastpak": "#eastpak OR #\uc774\uc2a4\ud2b8\ud329", "fila": "#fila OR #\ud544\ub77c OR #\ud720\ub77c", "gap": "#gap OR #\uac2d", "giodano": "#giodano OR #\uc9c0\uc624\ub2e4\ub178", "givenchy": "#givenchy OR #\uc9c0\ubc29\uc2dc", "gucci": "#gucci OR #\uad6c\ucc0c OR #\uad6c\uce58", "guess": "#guess OR #\uac8c\uc2a4", "h&m": "#hm OR #hnm OR #\uc5d0\uc774\uce58\uc5d4\uc5e0", "hazzys": "#hazzys OR #\ud5e4\uc9c0\uc2a4", "hermes": "#hermes OR #\uc5d0\ub974\uba54\uc2a4 OR #\ud5e4\ub974\uba54\uc2a4", "hugoboss": "#hugoboss OR #\ud734\uace0\ubcf4\uc2a4", "jansport": "#jansport OR #\uc794\uc2a4\ud3ec\uce20", "jeep": "#jeep OR #\uc9c0\ud504", "jimmychoo": "#jimmychoo OR #\uc9c0\ubbf8\ucd94", "k2": "#k2 OR #\ucf00\uc774\ud22c", "kenzo": "#kenzo OR #\uac90\uc870 OR #\ucf04\uc870", "kolonsport": "#kolonsport OR #\ucf54\uc624\ub871\uc2a4\ud3ec\uce20 OR #\ucf54\uc624\ub871", "lacoste": "#lacoste OR #\ub77c\ucf54\uc2a4\ud14c", "lafuma": "#lafuma OR #\ub77c\ud478\ub9c8", "lanvin": "#lanvin OR #\ub791\ubc29", "lecoqsportif": "#lecoqsportif OR #\ub974\uaf2c\ub044 OR #\ub974\ucf54\ud06c", "levis": "#levis OR #\ub9ac\ubc14\uc774\uc2a4", "louisvuitton": "#louisvuitton OR #\ub8e8\uc774\ube44\ud1b5", "mandarinaduck": "#mandarinaduck OR #\ub9cc\ub2e4\ub9ac\ub098\ub355", "marcjacobs": "#marcjacobs OR #\ub9c8\ud06c\uc81c\uc774\ucf65\uc2a4", "maxmara": "#maxmara OR #\ub9c9\uc2a4\ub9c8\ub77c", "mcm": "#mcm OR #\uc5e0\uc528\uc5e0 OR #\uc570\uc528\uc570", "millet": "#millet OR #\ubc00\ub808", "mindbridge": "#mindbridge OR #\ub9c8\uc778\ub4dc\ube0c\ub9bf\uc9c0", "mizuno": "#mizuno OR #\ubbf8\uc988\ub178", "mlb": "(#mlb OR #\uc5e0\uc5d8\ube44 OR #\uc5e0\uc568\ube44) AND (#dailylook OR #outfit OR #selfie OR #bestofstreetwear OR #beststreetoutfit OR #ootd OR #outfitoftheday OR #\ub370\uc77c\ub9ac\ub8e9 OR #\uc624\uc624\ud2f0\ub514 OR #designer OR #streetwear OR #luxury OR #casual OR #sportswear OR #\ub514\uc790\uc774\ub108 OR #\uae38\uac70\ub9ac\ud328\uc158 OR #\ub7ed\uc154\ub9ac OR #\uce90\uc8fc\uc5bc OR #\uce90\uc96c\uc5bc OR #\uc2a4\ud3ec\uce20\uc6e8\uc5b4 OR #\uc2a4\ud3ec\uce20\ud328\uc158 OR #fashion OR #brand OR #fashionbrand OR #shoe OR #shoes OR #clothes OR #wear OR #apparel OR #\ud328\uc158 OR #\ube0c\ub79c\ub4dc OR #\ud328\uc158\ube0c\ub79c\ub4dc OR #\uc637 OR #\uc758\ub958 OR #\uc288\uc988 OR #\uc2e0\ubc1c)", "monclear": "#monclear OR #\ubabd\ud074\ub808\ub974 OR #\ubabd\ud074\ub808\uc5b4 OR #\ubabd\ub04c\ub808\ub974 OR #\ubabd\ub04c\ub808\uc5b4", "montblanc": "#montblanc OR #\ubabd\ube14\ub791", "muji": "#muji OR #\ubb34\uc778\uc591\ud488", "nepa": "#nepa OR #\ub124\ud30c", "newbalance": "#newbalance OR #\ub274\ubc1c\ub780\uc2a4 OR #\ub274\ubc1c", "nike": "#nike OR #\ub098\uc774\ud0a4", "paulsmith": "#paulsmith OR #\ud3f4\uc2a4\ubbf8\uc2a4", "poloralphlauren": "#poloralphlauren OR #polo OR #ralphlauren OR #\ub784\ud504\ub85c\ub80c OR #\ud3f4\ub85c OR #\ud3f4\ub85c\ub784\ud504\ub85c\ub80c", "prada": "#prada OR #\ud504\ub77c\ub2e4", "prospecs": "#prospecs OR #\ud504\ub85c\uc2a4\ud399\uc2a4", "puma": "#puma OR #\ud478\ub9c8", "reebok": "#reebok OR #\ub9ac\ubcf5", "ferragamo": "#ferragamo OR #salvatoreferregamo OR #\ud398\ub808\uac00\ubaa8 OR #\uc0b4\ubc14\ud1a0\ub808\ud398\ub808\uac00\ubaa8", "samsonite": "#samsonite OR #\uc324\uc18c\ub098\uc774\ud2b8 OR #\uc0d8\uc18c\ub098\uc774\ud2b8", "sketchers": "#sketchers OR #\uc2a4\ucf00\uccd0\uc2a4", "thenorthface": "#thenorthface OR #\ub178\uc2a4\ud398\uc774\uc2a4", "time": "(#time OR #\ud0c0\uc784) AND (#dailylook OR #outfit OR #selfie OR #bestofstreetwear OR #beststreetoutfit OR #ootd OR #outfitoftheday OR #\ub370\uc77c\ub9ac\ub8e9 OR #\uc624\uc624\ud2f0\ub514 OR #designer OR #streetwear OR #luxury OR #casual OR #sportswear OR #\ub514\uc790\uc774\ub108 OR #\uae38\uac70\ub9ac\ud328\uc158 OR #\ub7ed\uc154\ub9ac OR #\uce90\uc8fc\uc5bc OR #\uce90\uc96c\uc5bc OR #\uc2a4\ud3ec\uce20\uc6e8\uc5b4 OR #\uc2a4\ud3ec\uce20\ud328\uc158 OR #fashion OR #brand OR #fashionbrand OR #shoe OR #shoes OR #clothes OR #wear OR #apparel OR #\ud328\uc158 OR #\ube0c\ub79c\ub4dc OR #\ud328\uc158\ube0c\ub79c\ub4dc OR #\uc637 OR #\uc758\ub958 OR #\uc288\uc988 OR #\uc2e0\ubc1c)", "tods": "#tods OR #\ud1a0\uc988", "tommyhilfiger": "#tommyhilfiger OR #\ud0c0\ubbf8\ud790\ud53c\uac70 OR #\ud0c0\ubbf8\ud790\ud53c\uaca8", "tumi": "#tumi OR #\ud22c\ubbf8", "ugg": "#ugg OR #\uc5b4\uadf8", "underarmour": "#underarmour OR #\uc5b8\ub354\uc544\uba38", "uniqlo": "#uniqlo OR #\uc720\ub2c8\ud074\ub85c OR #\uc720\ub2c8\ub04c\ub85c", "vans": "#vans OR #\ubc18\uc2a4", "versace": "#versace OR #\ubca0\ub974\uc0ac\uccb4", "zara": "#zara OR #\uc790\ub77c", "a.p.c": "#a.p.c OR #\uc544\ud398\uc384", "acnestudios": "#acnestudios OR #\uc544\ud06c\ub124\uc2a4\ud29c\ub514\uc624 OR #\uc544\ud06c\ub124\uc2a4\ud22c\ub514\uc624", "aldo": "#aldo OR #\uc54c\ub3c4", "alexandermcqueen": "#alexandermcqueen OR #\uc54c\ub809\uc0b0\ub354\ub9e5\ud038", "alexanderwang": "#alexanderwang OR #\uc54c\ub809\uc0b0\ub354\uc655", "allsaints": "#allsaints OR #\uc62c\uc138\uc778\uce20", "arcteryx": "#arcteryx OR #\uc544\ud06c\ud14c\ub9ad\uc2a4", "balmain": "#balmain OR #\ubc1c\ub9dd", "barbour": "#barbour OR #\ubc14\ubc84", "barrel": "#barrel OR #\ubc30\ub7f4", "beatselectronics": "#beatselectronics OR #beatsbydre OR #beatsbydrdre OR #\ube44\uce20\ubc14\uc774\ub4dc\ub808 OR #\ube44\uce20\ubc14\uc774\ub2e5\ud130\ub4dc\ub808", "bershka": "#bershka OR #\ubc84\uc26c\uce74", "birkenstock": "#birkenstock OR #\ubc84\ucf04\uc2a4\ud0c1", "bottegaveneta": "#bottegaveneta OR #\ubcf4\ud14c\uac00\ubca0\ub124\ud0c0", "carhartt": "#carhartt OR #\uce7c\ud558\ud2b8", "celine": "#celine OR #\uc140\ub9b0\ub290", "champion": "#champion OR #\ucc54\ud53c\uc628 OR #\ucc54\ud53c\uc5b8", "charleskeith": "#charleskeith OR #\ucc30\uc2a4\uc564\ud0a4\uc2a4", "clubmonaco": "#clubmonaco OR #\ud074\ub7fd\ubaa8\ub098\ucf54", "columbiasportswear": "#columbiasportswear OR #columbia OR #\uceec\ub7fc\ube44\uc544 OR #\ucf5c\ub86c\ube44\uc544", "commedesgarcons": "#commedesgarcons OR #\uaf3c\ub370\uac00\ub974\uc1a1", "cos": "#cos OR #\ucf54\uc2a4", "covernat": "#covernat OR #\ucee4\ubc84\ub0ab", "cpcompany": "#cpcompany OR #\uc528\ud53c\ucef4\ud328\ub2c8 OR #\uc528\ud53c\ucef4\ud37c\ub2c8", "custommellow": "#custommellow OR #\ucee4\uc2a4\ud140\uba5c\ub85c\uc6b0", "dickies": "#dickies OR #\ub514\ud0a4\uc988", "discovery": "#discovery OR #\ub514\uc2a4\ucee4\ubc84\ub9ac", "dsquared2": "#dsquared2 OR #\ub514\uc2a4\ud018\uc5b4\ub4dc2", "dynafit": "#dynafit OR #\ub2e4\uc774\ub098\ud54f", "eider": "#eider OR #\uc544\uc774\ub354", "ermenegildozegna": "#ermenegildozegna OR #zegna OR #\uc5d0\ub974\uba54\ub124\uc9c8\ub3c4 OR #\uc81c\ub0d0 OR #\uc5d0\ub974\uba54\ub124\uc9c8\ub3c4\uc81c\ub0d0", "fendi": "#fendi OR #\ud39c\ub514 OR #\ud32c\ub514", "forever21": "#forever21 OR #\ud3ec\ub808\ubc8421", "fredperry": "#fredperry OR #\ud504\ub808\ub4dc\ud398\ub9ac", "gentlemonster": "#gentlemonster OR #\uc820\ud2c0\ubaac\uc2a4\ud130", "goldengoose": "#goldengoose OR #\uace8\ub4e0\uad6c\uc2a4", "gregory": "#gregory OR #\uadf8\ub808\uace0\ub9ac", "gstarraw": "#gstarraw OR #\uc9c0\uc2a4\ud0c0\ub85c\uc6b0", "gyakusou": "#gyakusou OR #\uac38\ucfe0\uc18c\uc6b0", "hconnect": "#hconnect OR #\uc5d0\uc774\uce58\ucee4\ub125\ud2b8", "incase": "#incase OR #\uc778\ucf00\uc774\uc2a4", "isseymiyake": "#isseymiyake OR #\uc774\uc138\uc774\ubbf8\uc57c\ucf00", "jilsander": "#jilsander OR #\uc9c8\uc0cc\ub354", "julstuart": "#julstuart OR #\uc9c8\uc2a4\ud29c\uc5b4\ud2b8", "juunj": "#juunj OR #\uc900\uc9c0", "kangol": "#kangol OR #\uce89\uace8", "keds": "#keds OR #\ucf00\uc988", "keen": "#keen OR #\ud0a8", "kuho": "#kuho OR #\uad6c\ud638", "lap": "#lap OR #losangelesproject OR #\ub85c\uc2a4\uc564\uc824\ub808\uc2a4\ud504\ub85c\uc81d\ud2b8", "maisonmargiela": "#maisonmargiela OR #\uba54\uc885\ub9c8\ub974\uc9c0\uc5d8\ub77c", "maje": "#maje OR #\ub9c8\uc96c", "michaelkors": "#michaelkors OR #\ub9c8\uc774\ud074\ucf54\uc5b4\uc2a4", "mine": "#mine OR #\ub9c8\uc778", "miumiu": "#miumiu OR #\ubbf8\uc6b0\ubbf8\uc6b0 OR #\ubbf8\uc720\ubbf8\uc720", "montbell": "#montbell OR #\ubabd\ubca8", "moschino": "#moschino OR #\ubaa8\uc2a4\ud0a4\ub178", "mulberry": "#mulberry OR #\uba40\ubc84\ub9ac", "munsingwear": "#munsingwear OR #\uba3c\uc2f1\uc6e8\uc5b4", "nationalgeography": "#nationalgeography OR #\ub0b4\uc154\ub110\uc9c0\uc624\uadf8\ub798\ud53d", "newera": "#newera OR #\ub274\uc5d0\ub77c", "oakley": "#oakley OR #\uc624\ud074\ub9ac", "obey": "#obey OR #\uc624\ubca0\uc774", "onitsukatiger": "#onitsukatiger OR #\uc624\ub2c8\uc988\uce74\ud0c0\uc774\uac70", "patagonia": "#patagonia OR #\ud30c\ud0c0\uace0\ub2c8\uc544", "pearlygates": "#pearlygates OR #\ud30c\ub9ac\uac8c\uc774\uce20", "pleatsplease": "#pleatsplease OR #\ud50c\ub9ac\uce20\ud50c\ub9ac\uc988 OR #\ud50c\ub9ac\uce20\ud50c\ub9ac\uce20", "porter": "#porter OR #yoshida OR #yoshidaporter OR #\ud3ec\ud130", "rafsimons": "#rafsimons OR #\ub77c\ud504\uc2dc\ubaac\uc2a4", "rayban": "#rayban OR #\ub808\uc774\ubca4", "rimowa": "#rimowa OR #\ub9ac\ubaa8\uc640", "saintlaurent": "#saintlaurent OR #yevsaintlaurent OR #\uc0dd\ub85c\ub791", "sandro": "#sandro OR #\uc0b0\ub4dc\ub85c", "soup": "#soup OR #\uc232 OR #\uc229", "spyder": "#spyder OR #\uc2a4\ud30c\uc774\ub354", "stellamccartney": "#stellamccartney OR #\uc2a4\ud154\ub77c\ub9e5\uce74\ud2b8\ub2c8", "stoneisland": "#stoneisland OR #\uc2a4\ud1a4\uc544\uc77c\ub79c\ub4dc", "stussy": "#stussy OR #\uc2a4\ud22c\uc2dc", "suecommabonnie": "#suecommabonnie OR #\uc288\ucf64\ub9c8\ubcf4\ub2c8", "superga": "#superga OR #\uc218\ud398\ub974\uac00", "supreme": "#supreme OR #\uc288\ud504\ub9bc", "system": "#system OR #\uc2dc\uc2a4\ud15c", "taylormade": "#taylormade OR #\ud14c\uc77c\ub7ec\uba54\uc774\ub4dc", "theory": "#theory OR #\ub760\uc5b4\ub9ac", "thisisneverthat": "#thisisneverthat OR #\ub514\uc2a4\uc774\uc2a4\ub124\ubc84\ub313", "thombrowne": "#thombrowne OR #\ud1b0\ube0c\ub77c\uc6b4", "thursdayisland": "#thursdayisland OR #\uc370\uc2a4\ub370\uc774\uc544\uc77c\ub79c\ub4dc", "titleist": "#titleist OR #\ud0c0\uc774\ud2c0\ub9ac\uc2a4\ud2b8", "tomford": "#tomford OR #\ud1b0\ud3ec\ub4dc", "tomboy": "#tomboy OR #\ud1b0\ubcf4\uc774", "tomsshoes": "#tomsshoes OR #\ud0d0\uc2a4 OR #\ud0d0\uc2a4\uc288\uc988 OR #\ud1b0\uc2a4 OR #\ud1b0\uc2a4\uc288\uc988", "topshop": "#topshop OR #\ud0d1\uc0f5", "topten": "#topten OR #\ud0d1\ud150 OR #\ud1b1\ud150", "toryburch": "#toryburch OR #\ud1a0\ub9ac\ubc84\uce58", "umbro": "#umbro OR #\uc5c4\ube0c\ub85c", "vetement": "#vetement OR #\ubca0\ud2b8\uba4d", "vivianwestwood": "#vivianwestwood OR #\ube44\ube44\uc548\uc6e8\uc2a4\ud2b8\uc6b0\ub4dc", "y3": "#y3 OR #\uc640\uc774\uc4f0\ub9ac", "yeezy": "#yeezy OR #\uc774\uc9c0", "yojiyamamoto": "#yojiyamamoto OR #yoji OR #\uc694\uc9c0\uc57c\ub9c8\ubaa8\ud1a0", "aape": "#aape OR #\uc5d0\uc774\ud504", "acronym": "#acronym OR #\uc544\ud06c\ub85c\ub2d8", "adererror": "#adererror OR #\uc544\ub354\uc5d0\ub7ec", "alphaindustry": "#alphaindustry OR #\uc54c\ud30c\uc778\ub354\uc2a4\ud2b8\ub9ac", "ami": "(#ami OR #\uc544\ubbf8) AND (#dailylook OR #outfit OR #selfie OR #bestofstreetwear OR #beststreetoutfit OR #ootd OR #outfitoftheday OR #\ub370\uc77c\ub9ac\ub8e9 OR #\uc624\uc624\ud2f0\ub514 OR #designer OR #streetwear OR #luxury OR #casual OR #sportswear OR #\ub514\uc790\uc774\ub108 OR #\uae38\uac70\ub9ac\ud328\uc158 OR #\ub7ed\uc154\ub9ac OR #\uce90\uc8fc\uc5bc OR #\uce90\uc96c\uc5bc OR #\uc2a4\ud3ec\uce20\uc6e8\uc5b4 OR #\uc2a4\ud3ec\uce20\ud328\uc158 OR #fashion OR #brand OR #fashionbrand OR #shoe OR #shoes OR #clothes OR #wear OR #apparel OR #\ud328\uc158 OR #\ube0c\ub79c\ub4dc OR #\ud328\uc158\ube0c\ub79c\ub4dc OR #\uc637 OR #\uc758\ub958 OR #\uc288\uc988 OR #\uc2e0\ubc1c)", "antisocialsocialclub": "#antisocialsocialclub OR #\uc548\ud2f0\uc18c\uc15c\uc18c\uc15c\ud074\ub7fd", "bape": "#bape OR #\ubca0\uc774\ud504", "beyondcloset": "#beyondcloset OR #\ube44\uc698\ub4dc\ud074\ub85c\uc82f", "brixton": "#brixton OR #\ube0c\ub9ad\uc2a4\ud1a4", "brooksrunning": "#brooksrunning OR #brooks OR #\ube0c\ub8e9\uc2a4", "charms": "#charms OR #\ucc38\uc2a4", "chums": "#chums OR #\ucca8\uc2a4", "coteciel": "#coteciel OR #\uaf2c\ub5bc\uc528\uc5d8", "critic": "#critic OR #\ud06c\ub9ac\ud2f1", "fillingpieces": "#fillingpieces OR #\ud544\ub9c1\ud53c\uc2dc\uc2a4", "fog": "#fog OR #fearofgod OR #\ud53c\uc5b4\uc624\ube0c\uac13", "gramicchi": "#gramicchi OR #\uadf8\ub77c\ubbf8\uce58", "haveagoodtime": "#haveagoodtime OR #hagt OR #\ud574\ube0c\uc5b4\uad7f\ud0c0\uc784", "helinox": "#helinox OR #\ud5ec\ub9ac\ub179\uc2a4", "heronpreston": "#heronpreston OR #\ud5e4\ub860\ud504\ub808\uc2a4\ud1a4", "herschel": "#herschel OR #\ud5c8\uc258 OR #\ud5c8\uc178", "hoodbyair": "#hoodbyair OR #hba OR #\ud6c4\ub4dc\ubc14\uc774\uc5d0\uc5b4", "howlin": "#howlin OR #\ud558\uc6b8\ub9b0", "huf": "#huf OR #\ud5c8\ud504", "humanmade": "#humanmade OR #\ud734\uba3c\uba54\uc774\ub4dc", "iamnotahumanbeing": "#iamnotahumanbeing OR #\uc544\uc774\uc5e0\ub0ab\uc5b4\ud734\uba3c\ube44\uc789 OR #\uc544\uc784\ub0ab\uc5b4\ud734\uba3c\ube59", "jlindeberg": "#jlindeberg OR #\uc81c\uc774\ub9b0\ub4dc\ubc84\uadf8", "jwanderson": "#jwanderson OR #\uc81c\uc774\ub354\ube14\uc720\uc564\ub354\uc2a8", "kith": "#kith OR #\ud0a4\uc4f0", "liful": "#liful OR #\ub77c\uc774\ud480", "lynn": "#lynn OR #\ub9b0", "mhl": "#mhl OR #margarethowell OR #\ub9c8\uac00\ub81b\ud638\uc6f0", "maisonkitsune": "#maisonkitsune OR #\uba54\uc885\ud0a4\uce20\ub124", "marni": "#marni OR #\ub9c8\ub974\ub2c8", "mastermind": "#mastermind OR #mastermindjapan OR #mastermindworld OR #\ub9c8\uc2a4\ud130\ub9c8\uc778\ub4dc", "medicomtoy": "#medicomtoy OR #\uba54\ub514\ucf64\ud1a0\uc774", "neighborhood": "#neighborhood OR #\ub124\uc774\ubc84\ud6c4\ub4dc", "nerdy": "#nerdy OR #\ub110\ub514", "noah": "#noah OR #\ub178\uc544", "nohant": "#nohant OR #\ub178\uc559", "northproject": "#northproject OR #\ub178\uc2a4\ud504\ub85c\uc81d\ud2b8", "offwhite": "#offwhite OR #\uc624\ud504\ud654\uc774\ud2b8", "oioi": "#oioi OR #\uc624\uc544\uc774\uc624\uc544\uc774", "openingceremony": "#openingceremony OR #\uc624\ud504\ub2dd\uc138\ub808\ubaa8\ub2c8", "palace": "#palace OR #\ud314\ub77c\uc2a4", "plac": "#plac OR #\ud50c\ub799", "plasticisland": "#plasticisland OR #\ud50c\ub77c\uc2a4\ud2f1\uc544\uc77c\ub79c\ub4dc", "polarskateco": "#polarskateco OR #\ud3f4\ub77c\uc2a4\ucf00\uc774\ud2b8", "reigningchamp": "#reigningchamp OR #\ub808\uc774\ub2dd\ucc54\ud504", "rickowens": "#rickowens OR #\ub9ad\uc624\uc6ec\uc2a4", "series": "#series OR #\uc2dc\ub9ac\uc988", "suicoke": "#suicoke OR #\uc218\uc774\ucf54\ud06c", "teva": "#teva OR #\ud14c\ubc14", "thrasher": "#thrasher OR #\uc4f0\ub808\uc154", "undefeated": "#undefeated OR #undftd OR #\uc5b8\ub514\ud53c\ud2f0\ub4dc", "undercover": "#undercover OR #juntakahashi OR #\uc5b8\ub354\ucee4\ubc84", "visvim": "#visvim OR #\ube44\uc988\ube54", "whitemountaineering": "#whitemountaineering OR #\ud654\uc774\ud2b8\ub9c8\uc6b4\ud2f0\ub2c8\uc5b4\ub9c1", "xlarge": "#xlarge OR #\uc5d1\uc2a4\ub77c\uc9c0", "zucca": "#zucca OR #\uc96c\uce74", "1017alyx9sm": "#1017alyx9sm OR #alyx OR #\uc54c\ub9ad\uc2a4", "99percentis": "#99percentis OR #99\ud37c\uc13c\ud2b8\uc774\uc988", "acoldwall": "#acoldwall OR #acw OR #\uc5b4\ucf5c\ub4dc\uc6d4", "aecawhite": "#aecawhite OR #\uc5d0\uc774\uce74\ud654\uc774\ud2b8", "aimeleondore": "#aimeleondore OR #\uc5d0\uc784\ub808\uc628\ub3c4\ub974", "awakeny": "#awakeny OR #\uc5b4\uc6e8\uc774\ud06c\ub274\uc695", "bbc": "#bbc OR #\ube4c\ub9ac\ub124\uc5b4\ubcf4\uc774\uc988\ud074\ub7fd", "c2h4": "#c2h4 OR #\uc528\ud22c\uc5d0\uc774\uce58\ud3ec", "donothingcongress": "#donothingcongress OR #\ub450\ub0ab\ub775\ucf69\uadf8\ub808\uc2a4", "doublet": "#doublet OR #\ub354\ube14\ub81b", "eastlogue": "#eastlogue OR #\uc774\uc2a4\ud2b8\ub85c\uadf8", "engineeredgarment": "#engineeredgarment OR #\uc5d4\uc9c0\ub2c8\uc5b4\ub4dc\uac00\uba3c\ud2b8", "eytys": "#eytys OR #\uc774\ud2f0\uc2a4", "girlsdontcry": "#girlsdontcry OR #verdy OR #\uac78\uc2a4\ub3c8\ud06c\ub77c\uc774", "grds": "#grds OR #\uadf8\ub77c\ub354\uc2a4", "helmutlang": "#helmutlang OR #\ud5ec\ubb34\ud2b8\ub7ad", "henderscheme": "#henderscheme OR #\uc5d4\ub354\uc2a4\ud0b4 OR #\uc564\ub354\uc2a4\ud0b4", "ignoredprayers": "#ignoredprayers OR #\uc774\uadf8\ub178\uc5b4\ub4dc\ud504\ub808\uc5b4\uc2a4", "iise": "#iise OR #\uc774\uc138", "kapital": "#kapital OR #\uce74\ud53c\ud0c8", "needles": "#needles OR #\ub2c8\ub4e4\uc2a4", "nonnative": "#nonnative OR #\ub17c\ub124\uc774\ud2f0\ube0c", "ourlegacy": "#ourlegacy OR #\uc544\uc6cc\ub808\uac00\uc2dc", "ovo": "#ovo OR #octobersveryown OR #drake OR #\uc625\ud1a0\ubc84\uc988\ubca0\ub9ac\uc624\uc6b4", "placesplusfaces": "#placesplusfaces OR #\ud50c\ub808\uc774\uc2dc\uc2a4\ud50c\ub7ec\uc2a4\ud398\uc774\uc2dc\uc2a4", "rockymountainfeatherbed": "#rockymountainfeatherbed OR #\ub85d\ud0a4\ub9c8\uc6b4\ud2f4\ud398\ub354\ubca0\ub4dc", "sacai": "#sacai OR #\uc0ac\uce74\uc774", "saterdaysnyc": "#saterdaysnyc OR #\uc0c8\ub7ec\ub370\uc774 \ub274\uc695\uc2dc\ud2f0", "woolrich": "#woolrich OR #\uc6b8\ub9ac\uce58", "wtaps": "#wtaps OR #tetsu OR #tetsunishiyama OR #\ub354\ube14\ud0ed\uc2a4", "032c": "#032c OR #032\uc528", "advisoryboardcrystals": "#advisoryboardcrystals OR #\uc5b4\ub4dc\ubc14\uc774\uc800\ub9ac\ubcf4\ub4dc\ud06c\ub9ac\uc2a4\ud138", "billylosangeles": "#billylosangeles OR #\ube4c\ub9ac", "cavempt": "#cavempt OR #\uce74\ube0c\uc5e0\ud2b8", "cherryla": "#cherryla OR #\uccb4\ub9ac", "dailypaper": "#dailypaper OR #\ub370\uc77c\ub9ac\ud398\uc774\ud37c", "everywear": "#everywear OR #\uc5d0\ube0c\ub9ac\uc6e8\uc5b4", "experthorror": "#experthorror OR #\uc5d1\uc2a4\ud37c\ud2b8\ud638\ub7ec", "gmbh": "#gmbh OR #\uc9c0\uc5e0\ube44\uc5d0\uc774\uce58", "goat": "#goat OR #\uace0\ud2b8", "heliotemil": "#heliotemil OR #\uc5d8\ub9ac\uc5c7\uc5d0\ubc00", "Isabelmarant": "#Isabelmarant OR #\uc774\uc790\ubca8\ub9c8\ub791", "johnelliott": "#johnelliott OR #\uc874\uc5d8\ub9ac\uc5c7", "mains": "#mains OR #\ub9c8\uc778\uc2a4", "marceloburlon": "#marceloburlon OR #\ub9c8\ub974\uc140\ub85c\ubc84\ub860", "midnightstudios": "#midnightstudios OR #\ubbf8\ub4dc\ub098\uc787\uc2a4\ud29c\ub514\uc624\uc988", "novacancyinn": "#novacancyinn OR #\ub178\ubca0\uc774\ucee8\uc2dc\uc778", "onlineceramics": "#onlineceramics OR #\uc628\ub77c\uc778\uc138\ub77c\ubbf9\uc2a4", "palmangels": "#palmangels OR #\ud31c\uc5d4\uc824\uc2a4", "peaceminusone": "#peaceminusone OR #\ud53c\uc2a4\ub9c8\uc774\ub108\uc2a4\uc6d0", "pleasuresclothing": "#pleasuresclothing OR #pleasuresnow OR #\ud50c\ub808\uc838", "readymade": "#readymade OR #\ub808\ub514\uba54\uc774\ub4dc", "richardson": "#richardson OR #\ub9ac\ucc28\ub4dc\uc2a8", "rokit": "#rokit OR #\ub85c\ud0b7", "salomon": "#salomon OR #\uc0b4\ub85c\ubaac", "seventhheaven": "#seventhheaven OR #\uc138\ube10\uc4f0\ud5e4\ube10", "someware": "#someware OR #\uc12c\uc6e8\uc5b4", "sssworldcorp": "#sssworldcorp OR #SSS\uc6d4\ub4dc\ucf54\ud504", "stereovinyls": "#stereovinyls OR #\uc2a4\ud14c\ub808\uc624\ubc14\uc774\ub110\uc988", "studioseven": "#studioseven OR #\uc2a4\ud29c\ub514\uc624\uc138\ube10", "valentino": "#valentino OR #\ubc1c\ub80c\ud2f0\ub178", "dolcegabbana": "#dolcegabbana OR #\ub3cc\uccb4\uc564\uac00\ubc14\ub098", "ragandbone": "#ragandbone OR #\ub799\uc564\ubcf8", "n21": "#nemeroventuno OR #n21 OR #no21 OR #\ub204\uba54\ub85c\ubca4\ud22c\ub178", "freitag": "#freitag OR #\ud504\ub77c\uc774\ud0c1", "cutlerandgross": "#cutlerandgross OR #\ucee4\ud2c0\ub7ec\uc564\uadf8\ub85c\uc2a4", "tartoptical": "#tartoptical OR #\ud0c0\ub974\ud2b8\uc635\ud2f0\uceec", "heritagefloss": "#heritagefloss OR #\ud5e4\ub9ac\ud2f0\uc9c0\ud50c\ub85c\uc2a4", "urutokyo": "#urutokyo OR #\uc6b0\ub8e8", "snowpeak": "#snowpeak OR #\uc2a4\ub178\uc6b0\ud53c\ud06c", "wilson": "#wilson OR #\uc70c\uc2a8", "moscot": "#moscot OR #\ubaa8\uc2a4\ucf54\ud2b8", "ystrdystmrrw": "#ystrdystmrrw OR #\uc608\uc2a4\ud130\ub370\uc774\uc988\ud22c\ubaa8\ub85c\uc6b0", "abecrombiefitch": "#abecrombiefitch OR #abecrombie OR #\uc544\ubca0\ud06c\ub86c\ube44", "ambush": "#ambush OR #ambushdesign OR #\uc570\ubd80\uc2dc", "martinerose": "#martinerose OR #\ub9c8\ud2f4\ub85c\uc988", "vivastudio": "#vivastudio OR #\ube44\ubc14\uc2a4\ud29c\ub514\uc624", "lmc": "#lmc OR #lostmanagementcities OR #\uc5d8\uc5e0\uc528 OR #\uc568\uc570\uc528", "amiri": "#amiri OR #\uc544\ubbf8\ub9ac", "veja": "#veja OR #vejasneakers OR #\ubca0\uc790"}